{"cameraMode":{"drawMode":0,"name":"Shaded","section":"Shading Mode"},"sceneLighting":true,"audioPlay":false,"sceneViewState":{"showFog":true,"showMaterialUpdate":true,"showSkybox":true,"showFlares":true,"showImageEffects":true,"showParticleSystems":true},"in2DMode":false,"pivot":{"x":46.33702087402344,"y":61.66619873046875,"z":430.86138916015627},"rotation":{"x":0.01809120550751686,"y":0.15861910581588746,"z":-0.0028210266027599575,"w":0.9872050285339356},"size":394.3663330078125,"orthographic":false}